volume_page,source_pdf_page,page_id,original_image,cropped_image,fresh_status,initial_risk,initial_route,required_next_step
1,295,page_0295,E:\codex_Learing\17_project_数字化工作站\projects\lianyungang-city-gazetteer-volume59-fresh\workbench\page_images\original\page_0295_vol_001_original_300dpi.jpg,E:\codex_Learing\17_project_数字化工作站\projects\lianyungang-city-gazetteer-volume59-fresh\workbench\page_images\cropped\page_0295_vol_001_cropped_300dpi.jpg,rendered_from_original_only,高,卷首概述/章节开端；需确认标题层级和页边界,run_fresh_ocr_then_manual_layout_review
2,296,page_0296,E:\codex_Learing\17_project_数字化工作站\projects\lianyungang-city-gazetteer-volume59-fresh\workbench\page_images\original\page_0296_vol_002_original_300dpi.jpg,E:\codex_Learing\17_project_数字化工作站\projects\lianyungang-city-gazetteer-volume59-fresh\workbench\page_images\cropped\page_0296_vol_002_cropped_300dpi.jpg,rendered_from_original_only,高,卷首概述/章节开端；需确认标题层级和页边界,run_fresh_ocr_then_manual_layout_review
3,297,page_0297,E:\codex_Learing\17_project_数字化工作站\projects\lianyungang-city-gazetteer-volume59-fresh\workbench\page_images\original\page_0297_vol_003_original_300dpi.jpg,E:\codex_Learing\17_project_数字化工作站\projects\lianyungang-city-gazetteer-volume59-fresh\workbench\page_images\cropped\page_0297_vol_003_cropped_300dpi.jpg,rendered_from_original_only,高,声母/韵母差异与音标表；重点分流音标、声韵调表、方言例句,run_fresh_ocr_then_manual_layout_review
4,298,page_0298,E:\codex_Learing\17_project_数字化工作站\projects\lianyungang-city-gazetteer-volume59-fresh\workbench\page_images\original\page_0298_vol_004_original_300dpi.jpg,E:\codex_Learing\17_project_数字化工作站\projects\lianyungang-city-gazetteer-volume59-fresh\workbench\page_images\cropped\page_0298_vol_004_cropped_300dpi.jpg,rendered_from_original_only,高,声母/韵母差异与音标表；重点分流音标、声韵调表、方言例句,run_fresh_ocr_then_manual_layout_review
5,299,page_0299,E:\codex_Learing\17_project_数字化工作站\projects\lianyungang-city-gazetteer-volume59-fresh\workbench\page_images\original\page_0299_vol_005_original_300dpi.jpg,E:\codex_Learing\17_project_数字化工作站\projects\lianyungang-city-gazetteer-volume59-fresh\workbench\page_images\cropped\page_0299_vol_005_cropped_300dpi.jpg,rendered_from_original_only,高,声母/韵母差异与音标表；重点分流音标、声韵调表、方言例句,run_fresh_ocr_then_manual_layout_review
6,300,page_0300,E:\codex_Learing\17_project_数字化工作站\projects\lianyungang-city-gazetteer-volume59-fresh\workbench\page_images\original\page_0300_vol_006_original_300dpi.jpg,E:\codex_Learing\17_project_数字化工作站\projects\lianyungang-city-gazetteer-volume59-fresh\workbench\page_images\cropped\page_0300_vol_006_cropped_300dpi.jpg,rendered_from_original_only,高,声母/韵母差异与音标表；重点分流音标、声韵调表、方言例句,run_fresh_ocr_then_manual_layout_review
7,301,page_0301,E:\codex_Learing\17_project_数字化工作站\projects\lianyungang-city-gazetteer-volume59-fresh\workbench\page_images\original\page_0301_vol_007_original_300dpi.jpg,E:\codex_Learing\17_project_数字化工作站\projects\lianyungang-city-gazetteer-volume59-fresh\workbench\page_images\cropped\page_0301_vol_007_cropped_300dpi.jpg,rendered_from_original_only,高,声母/韵母差异与音标表；重点分流音标、声韵调表、方言例句,run_fresh_ocr_then_manual_layout_review
8,302,page_0302,E:\codex_Learing\17_project_数字化工作站\projects\lianyungang-city-gazetteer-volume59-fresh\workbench\page_images\original\page_0302_vol_008_original_300dpi.jpg,E:\codex_Learing\17_project_数字化工作站\projects\lianyungang-city-gazetteer-volume59-fresh\workbench\page_images\cropped\page_0302_vol_008_cropped_300dpi.jpg,rendered_from_original_only,高,声母/韵母差异与音标表；重点分流音标、声韵调表、方言例句,run_fresh_ocr_then_manual_layout_review
9,303,page_0303,E:\codex_Learing\17_project_数字化工作站\projects\lianyungang-city-gazetteer-volume59-fresh\workbench\page_images\original\page_0303_vol_009_original_300dpi.jpg,E:\codex_Learing\17_project_数字化工作站\projects\lianyungang-city-gazetteer-volume59-fresh\workbench\page_images\cropped\page_0303_vol_009_cropped_300dpi.jpg,rendered_from_original_only,高,声母/韵母差异与音标表；重点分流音标、声韵调表、方言例句,run_fresh_ocr_then_manual_layout_review
10,304,page_0304,E:\codex_Learing\17_project_数字化工作站\projects\lianyungang-city-gazetteer-volume59-fresh\workbench\page_images\original\page_0304_vol_010_original_300dpi.jpg,E:\codex_Learing\17_project_数字化工作站\projects\lianyungang-city-gazetteer-volume59-fresh\workbench\page_images\cropped\page_0304_vol_010_cropped_300dpi.jpg,rendered_from_original_only,高,声母/韵母差异与音标表；重点分流音标、声韵调表、方言例句,run_fresh_ocr_then_manual_layout_review
11,305,page_0305,E:\codex_Learing\17_project_数字化工作站\projects\lianyungang-city-gazetteer-volume59-fresh\workbench\page_images\original\page_0305_vol_011_original_300dpi.jpg,E:\codex_Learing\17_project_数字化工作站\projects\lianyungang-city-gazetteer-volume59-fresh\workbench\page_images\cropped\page_0305_vol_011_cropped_300dpi.jpg,rendered_from_original_only,高,声母/韵母差异与音标表；重点分流音标、声韵调表、方言例句,run_fresh_ocr_then_manual_layout_review
12,306,page_0306,E:\codex_Learing\17_project_数字化工作站\projects\lianyungang-city-gazetteer-volume59-fresh\workbench\page_images\original\page_0306_vol_012_original_300dpi.jpg,E:\codex_Learing\17_project_数字化工作站\projects\lianyungang-city-gazetteer-volume59-fresh\workbench\page_images\cropped\page_0306_vol_012_cropped_300dpi.jpg,rendered_from_original_only,高,声母/韵母差异与音标表；重点分流音标、声韵调表、方言例句,run_fresh_ocr_then_manual_layout_review
13,307,page_0307,E:\codex_Learing\17_project_数字化工作站\projects\lianyungang-city-gazetteer-volume59-fresh\workbench\page_images\original\page_0307_vol_013_original_300dpi.jpg,E:\codex_Learing\17_project_数字化工作站\projects\lianyungang-city-gazetteer-volume59-fresh\workbench\page_images\cropped\page_0307_vol_013_cropped_300dpi.jpg,rendered_from_original_only,高,声母/韵母差异与音标表；重点分流音标、声韵调表、方言例句,run_fresh_ocr_then_manual_layout_review
14,308,page_0308,E:\codex_Learing\17_project_数字化工作站\projects\lianyungang-city-gazetteer-volume59-fresh\workbench\page_images\original\page_0308_vol_014_original_300dpi.jpg,E:\codex_Learing\17_project_数字化工作站\projects\lianyungang-city-gazetteer-volume59-fresh\workbench\page_images\cropped\page_0308_vol_014_cropped_300dpi.jpg,rendered_from_original_only,高,声母/韵母差异与音标表；重点分流音标、声韵调表、方言例句,run_fresh_ocr_then_manual_layout_review
15,309,page_0309,E:\codex_Learing\17_project_数字化工作站\projects\lianyungang-city-gazetteer-volume59-fresh\workbench\page_images\original\page_0309_vol_015_original_300dpi.jpg,E:\codex_Learing\17_project_数字化工作站\projects\lianyungang-city-gazetteer-volume59-fresh\workbench\page_images\cropped\page_0309_vol_015_cropped_300dpi.jpg,rendered_from_original_only,高,语音系统与声韵调材料；重点分流表格、IPA、调值,run_fresh_ocr_then_manual_layout_review
16,310,page_0310,E:\codex_Learing\17_project_数字化工作站\projects\lianyungang-city-gazetteer-volume59-fresh\workbench\page_images\original\page_0310_vol_016_original_300dpi.jpg,E:\codex_Learing\17_project_数字化工作站\projects\lianyungang-city-gazetteer-volume59-fresh\workbench\page_images\cropped\page_0310_vol_016_cropped_300dpi.jpg,rendered_from_original_only,高,语音系统与声韵调材料；重点分流表格、IPA、调值,run_fresh_ocr_then_manual_layout_review
17,311,page_0311,E:\codex_Learing\17_project_数字化工作站\projects\lianyungang-city-gazetteer-volume59-fresh\workbench\page_images\original\page_0311_vol_017_original_300dpi.jpg,E:\codex_Learing\17_project_数字化工作站\projects\lianyungang-city-gazetteer-volume59-fresh\workbench\page_images\cropped\page_0311_vol_017_cropped_300dpi.jpg,rendered_from_original_only,高,语音系统与声韵调材料；重点分流表格、IPA、调值,run_fresh_ocr_then_manual_layout_review
18,312,page_0312,E:\codex_Learing\17_project_数字化工作站\projects\lianyungang-city-gazetteer-volume59-fresh\workbench\page_images\original\page_0312_vol_018_original_300dpi.jpg,E:\codex_Learing\17_project_数字化工作站\projects\lianyungang-city-gazetteer-volume59-fresh\workbench\page_images\cropped\page_0312_vol_018_cropped_300dpi.jpg,rendered_from_original_only,高,语音系统与声韵调材料；重点分流表格、IPA、调值,run_fresh_ocr_then_manual_layout_review
19,313,page_0313,E:\codex_Learing\17_project_数字化工作站\projects\lianyungang-city-gazetteer-volume59-fresh\workbench\page_images\original\page_0313_vol_019_original_300dpi.jpg,E:\codex_Learing\17_project_数字化工作站\projects\lianyungang-city-gazetteer-volume59-fresh\workbench\page_images\cropped\page_0313_vol_019_cropped_300dpi.jpg,rendered_from_original_only,高,语音系统与声韵调材料；重点分流表格、IPA、调值,run_fresh_ocr_then_manual_layout_review
20,314,page_0314,E:\codex_Learing\17_project_数字化工作站\projects\lianyungang-city-gazetteer-volume59-fresh\workbench\page_images\original\page_0314_vol_020_original_300dpi.jpg,E:\codex_Learing\17_project_数字化工作站\projects\lianyungang-city-gazetteer-volume59-fresh\workbench\page_images\cropped\page_0314_vol_020_cropped_300dpi.jpg,rendered_from_original_only,高,语音系统与声韵调材料；重点分流表格、IPA、调值,run_fresh_ocr_then_manual_layout_review
21,315,page_0315,E:\codex_Learing\17_project_数字化工作站\projects\lianyungang-city-gazetteer-volume59-fresh\workbench\page_images\original\page_0315_vol_021_original_300dpi.jpg,E:\codex_Learing\17_project_数字化工作站\projects\lianyungang-city-gazetteer-volume59-fresh\workbench\page_images\cropped\page_0315_vol_021_cropped_300dpi.jpg,rendered_from_original_only,高,语音系统与声韵调材料；重点分流表格、IPA、调值,run_fresh_ocr_then_manual_layout_review
22,316,page_0316,E:\codex_Learing\17_project_数字化工作站\projects\lianyungang-city-gazetteer-volume59-fresh\workbench\page_images\original\page_0316_vol_022_original_300dpi.jpg,E:\codex_Learing\17_project_数字化工作站\projects\lianyungang-city-gazetteer-volume59-fresh\workbench\page_images\cropped\page_0316_vol_022_cropped_300dpi.jpg,rendered_from_original_only,高,语音系统与声韵调材料；重点分流表格、IPA、调值,run_fresh_ocr_then_manual_layout_review
23,317,page_0317,E:\codex_Learing\17_project_数字化工作站\projects\lianyungang-city-gazetteer-volume59-fresh\workbench\page_images\original\page_0317_vol_023_original_300dpi.jpg,E:\codex_Learing\17_project_数字化工作站\projects\lianyungang-city-gazetteer-volume59-fresh\workbench\page_images\cropped\page_0317_vol_023_cropped_300dpi.jpg,rendered_from_original_only,高,语音系统与声韵调材料；重点分流表格、IPA、调值,run_fresh_ocr_then_manual_layout_review
24,318,page_0318,E:\codex_Learing\17_project_数字化工作站\projects\lianyungang-city-gazetteer-volume59-fresh\workbench\page_images\original\page_0318_vol_024_original_300dpi.jpg,E:\codex_Learing\17_project_数字化工作站\projects\lianyungang-city-gazetteer-volume59-fresh\workbench\page_images\cropped\page_0318_vol_024_cropped_300dpi.jpg,rendered_from_original_only,高,语音系统与声韵调材料；重点分流表格、IPA、调值,run_fresh_ocr_then_manual_layout_review
25,319,page_0319,E:\codex_Learing\17_project_数字化工作站\projects\lianyungang-city-gazetteer-volume59-fresh\workbench\page_images\original\page_0319_vol_025_original_300dpi.jpg,E:\codex_Learing\17_project_数字化工作站\projects\lianyungang-city-gazetteer-volume59-fresh\workbench\page_images\cropped\page_0319_vol_025_cropped_300dpi.jpg,rendered_from_original_only,高,语音系统与声韵调材料；重点分流表格、IPA、调值,run_fresh_ocr_then_manual_layout_review
26,320,page_0320,E:\codex_Learing\17_project_数字化工作站\projects\lianyungang-city-gazetteer-volume59-fresh\workbench\page_images\original\page_0320_vol_026_original_300dpi.jpg,E:\codex_Learing\17_project_数字化工作站\projects\lianyungang-city-gazetteer-volume59-fresh\workbench\page_images\cropped\page_0320_vol_026_cropped_300dpi.jpg,rendered_from_original_only,高,语音系统与声韵调材料；重点分流表格、IPA、调值,run_fresh_ocr_then_manual_layout_review
27,321,page_0321,E:\codex_Learing\17_project_数字化工作站\projects\lianyungang-city-gazetteer-volume59-fresh\workbench\page_images\original\page_0321_vol_027_original_300dpi.jpg,E:\codex_Learing\17_project_数字化工作站\projects\lianyungang-city-gazetteer-volume59-fresh\workbench\page_images\cropped\page_0321_vol_027_cropped_300dpi.jpg,rendered_from_original_only,高,同音字汇/方言词汇密集区；按字典模式分块,run_fresh_ocr_then_manual_layout_review
28,322,page_0322,E:\codex_Learing\17_project_数字化工作站\projects\lianyungang-city-gazetteer-volume59-fresh\workbench\page_images\original\page_0322_vol_028_original_300dpi.jpg,E:\codex_Learing\17_project_数字化工作站\projects\lianyungang-city-gazetteer-volume59-fresh\workbench\page_images\cropped\page_0322_vol_028_cropped_300dpi.jpg,rendered_from_original_only,高,同音字汇/方言词汇密集区；按字典模式分块,run_fresh_ocr_then_manual_layout_review
29,323,page_0323,E:\codex_Learing\17_project_数字化工作站\projects\lianyungang-city-gazetteer-volume59-fresh\workbench\page_images\original\page_0323_vol_029_original_300dpi.jpg,E:\codex_Learing\17_project_数字化工作站\projects\lianyungang-city-gazetteer-volume59-fresh\workbench\page_images\cropped\page_0323_vol_029_cropped_300dpi.jpg,rendered_from_original_only,高,同音字汇/方言词汇密集区；按字典模式分块,run_fresh_ocr_then_manual_layout_review
30,324,page_0324,E:\codex_Learing\17_project_数字化工作站\projects\lianyungang-city-gazetteer-volume59-fresh\workbench\page_images\original\page_0324_vol_030_original_300dpi.jpg,E:\codex_Learing\17_project_数字化工作站\projects\lianyungang-city-gazetteer-volume59-fresh\workbench\page_images\cropped\page_0324_vol_030_cropped_300dpi.jpg,rendered_from_original_only,高,同音字汇/方言词汇密集区；按字典模式分块,run_fresh_ocr_then_manual_layout_review
31,325,page_0325,E:\codex_Learing\17_project_数字化工作站\projects\lianyungang-city-gazetteer-volume59-fresh\workbench\page_images\original\page_0325_vol_031_original_300dpi.jpg,E:\codex_Learing\17_project_数字化工作站\projects\lianyungang-city-gazetteer-volume59-fresh\workbench\page_images\cropped\page_0325_vol_031_cropped_300dpi.jpg,rendered_from_original_only,高,同音字汇/方言词汇密集区；按字典模式分块,run_fresh_ocr_then_manual_layout_review
32,326,page_0326,E:\codex_Learing\17_project_数字化工作站\projects\lianyungang-city-gazetteer-volume59-fresh\workbench\page_images\original\page_0326_vol_032_original_300dpi.jpg,E:\codex_Learing\17_project_数字化工作站\projects\lianyungang-city-gazetteer-volume59-fresh\workbench\page_images\cropped\page_0326_vol_032_cropped_300dpi.jpg,rendered_from_original_only,高,同音字汇/方言词汇密集区；按字典模式分块,run_fresh_ocr_then_manual_layout_review
33,327,page_0327,E:\codex_Learing\17_project_数字化工作站\projects\lianyungang-city-gazetteer-volume59-fresh\workbench\page_images\original\page_0327_vol_033_original_300dpi.jpg,E:\codex_Learing\17_project_数字化工作站\projects\lianyungang-city-gazetteer-volume59-fresh\workbench\page_images\cropped\page_0327_vol_033_cropped_300dpi.jpg,rendered_from_original_only,高,同音字汇/方言词汇密集区；按字典模式分块,run_fresh_ocr_then_manual_layout_review
34,328,page_0328,E:\codex_Learing\17_project_数字化工作站\projects\lianyungang-city-gazetteer-volume59-fresh\workbench\page_images\original\page_0328_vol_034_original_300dpi.jpg,E:\codex_Learing\17_project_数字化工作站\projects\lianyungang-city-gazetteer-volume59-fresh\workbench\page_images\cropped\page_0328_vol_034_cropped_300dpi.jpg,rendered_from_original_only,高,同音字汇/方言词汇密集区；按字典模式分块,run_fresh_ocr_then_manual_layout_review
35,329,page_0329,E:\codex_Learing\17_project_数字化工作站\projects\lianyungang-city-gazetteer-volume59-fresh\workbench\page_images\original\page_0329_vol_035_original_300dpi.jpg,E:\codex_Learing\17_project_数字化工作站\projects\lianyungang-city-gazetteer-volume59-fresh\workbench\page_images\cropped\page_0329_vol_035_cropped_300dpi.jpg,rendered_from_original_only,高,同音字汇/方言词汇密集区；按字典模式分块,run_fresh_ocr_then_manual_layout_review
36,330,page_0330,E:\codex_Learing\17_project_数字化工作站\projects\lianyungang-city-gazetteer-volume59-fresh\workbench\page_images\original\page_0330_vol_036_original_300dpi.jpg,E:\codex_Learing\17_project_数字化工作站\projects\lianyungang-city-gazetteer-volume59-fresh\workbench\page_images\cropped\page_0330_vol_036_cropped_300dpi.jpg,rendered_from_original_only,高,同音字汇/方言词汇密集区；按字典模式分块,run_fresh_ocr_then_manual_layout_review
37,331,page_0331,E:\codex_Learing\17_project_数字化工作站\projects\lianyungang-city-gazetteer-volume59-fresh\workbench\page_images\original\page_0331_vol_037_original_300dpi.jpg,E:\codex_Learing\17_project_数字化工作站\projects\lianyungang-city-gazetteer-volume59-fresh\workbench\page_images\cropped\page_0331_vol_037_cropped_300dpi.jpg,rendered_from_original_only,高,同音字汇/方言词汇密集区；按字典模式分块,run_fresh_ocr_then_manual_layout_review
38,332,page_0332,E:\codex_Learing\17_project_数字化工作站\projects\lianyungang-city-gazetteer-volume59-fresh\workbench\page_images\original\page_0332_vol_038_original_300dpi.jpg,E:\codex_Learing\17_project_数字化工作站\projects\lianyungang-city-gazetteer-volume59-fresh\workbench\page_images\cropped\page_0332_vol_038_cropped_300dpi.jpg,rendered_from_original_only,高,同音字汇/方言词汇密集区；按字典模式分块,run_fresh_ocr_then_manual_layout_review
39,333,page_0333,E:\codex_Learing\17_project_数字化工作站\projects\lianyungang-city-gazetteer-volume59-fresh\workbench\page_images\original\page_0333_vol_039_original_300dpi.jpg,E:\codex_Learing\17_project_数字化工作站\projects\lianyungang-city-gazetteer-volume59-fresh\workbench\page_images\cropped\page_0333_vol_039_cropped_300dpi.jpg,rendered_from_original_only,高,同音字汇/方言词汇密集区；按字典模式分块,run_fresh_ocr_then_manual_layout_review
40,334,page_0334,E:\codex_Learing\17_project_数字化工作站\projects\lianyungang-city-gazetteer-volume59-fresh\workbench\page_images\original\page_0334_vol_040_original_300dpi.jpg,E:\codex_Learing\17_project_数字化工作站\projects\lianyungang-city-gazetteer-volume59-fresh\workbench\page_images\cropped\page_0334_vol_040_cropped_300dpi.jpg,rendered_from_original_only,高,同音字汇/方言词汇密集区；按字典模式分块,run_fresh_ocr_then_manual_layout_review
41,335,page_0335,E:\codex_Learing\17_project_数字化工作站\projects\lianyungang-city-gazetteer-volume59-fresh\workbench\page_images\original\page_0335_vol_041_original_300dpi.jpg,E:\codex_Learing\17_project_数字化工作站\projects\lianyungang-city-gazetteer-volume59-fresh\workbench\page_images\cropped\page_0335_vol_041_cropped_300dpi.jpg,rendered_from_original_only,高,同音字汇/方言词汇密集区；按字典模式分块,run_fresh_ocr_then_manual_layout_review
42,336,page_0336,E:\codex_Learing\17_project_数字化工作站\projects\lianyungang-city-gazetteer-volume59-fresh\workbench\page_images\original\page_0336_vol_042_original_300dpi.jpg,E:\codex_Learing\17_project_数字化工作站\projects\lianyungang-city-gazetteer-volume59-fresh\workbench\page_images\cropped\page_0336_vol_042_cropped_300dpi.jpg,rendered_from_original_only,高,同音字汇/方言词汇密集区；按字典模式分块,run_fresh_ocr_then_manual_layout_review
43,337,page_0337,E:\codex_Learing\17_project_数字化工作站\projects\lianyungang-city-gazetteer-volume59-fresh\workbench\page_images\original\page_0337_vol_043_original_300dpi.jpg,E:\codex_Learing\17_project_数字化工作站\projects\lianyungang-city-gazetteer-volume59-fresh\workbench\page_images\cropped\page_0337_vol_043_cropped_300dpi.jpg,rendered_from_original_only,中,方言词汇/语法与卷末边界；重点确认页末续接,run_fresh_ocr_then_manual_layout_review
44,338,page_0338,E:\codex_Learing\17_project_数字化工作站\projects\lianyungang-city-gazetteer-volume59-fresh\workbench\page_images\original\page_0338_vol_044_original_300dpi.jpg,E:\codex_Learing\17_project_数字化工作站\projects\lianyungang-city-gazetteer-volume59-fresh\workbench\page_images\cropped\page_0338_vol_044_cropped_300dpi.jpg,rendered_from_original_only,中,方言词汇/语法与卷末边界；重点确认页末续接,run_fresh_ocr_then_manual_layout_review
45,339,page_0339,E:\codex_Learing\17_project_数字化工作站\projects\lianyungang-city-gazetteer-volume59-fresh\workbench\page_images\original\page_0339_vol_045_original_300dpi.jpg,E:\codex_Learing\17_project_数字化工作站\projects\lianyungang-city-gazetteer-volume59-fresh\workbench\page_images\cropped\page_0339_vol_045_cropped_300dpi.jpg,rendered_from_original_only,中,方言词汇/语法与卷末边界；重点确认页末续接,run_fresh_ocr_then_manual_layout_review
46,340,page_0340,E:\codex_Learing\17_project_数字化工作站\projects\lianyungang-city-gazetteer-volume59-fresh\workbench\page_images\original\page_0340_vol_046_original_300dpi.jpg,E:\codex_Learing\17_project_数字化工作站\projects\lianyungang-city-gazetteer-volume59-fresh\workbench\page_images\cropped\page_0340_vol_046_cropped_300dpi.jpg,rendered_from_original_only,中,方言词汇/语法与卷末边界；重点确认页末续接,run_fresh_ocr_then_manual_layout_review
47,341,page_0341,E:\codex_Learing\17_project_数字化工作站\projects\lianyungang-city-gazetteer-volume59-fresh\workbench\page_images\original\page_0341_vol_047_original_300dpi.jpg,E:\codex_Learing\17_project_数字化工作站\projects\lianyungang-city-gazetteer-volume59-fresh\workbench\page_images\cropped\page_0341_vol_047_cropped_300dpi.jpg,rendered_from_original_only,中,方言词汇/语法与卷末边界；重点确认页末续接,run_fresh_ocr_then_manual_layout_review
48,342,page_0342,E:\codex_Learing\17_project_数字化工作站\projects\lianyungang-city-gazetteer-volume59-fresh\workbench\page_images\original\page_0342_vol_048_original_300dpi.jpg,E:\codex_Learing\17_project_数字化工作站\projects\lianyungang-city-gazetteer-volume59-fresh\workbench\page_images\cropped\page_0342_vol_048_cropped_300dpi.jpg,rendered_from_original_only,中,方言词汇/语法与卷末边界；重点确认页末续接,run_fresh_ocr_then_manual_layout_review
