page,item,context,issue,status
1,书页号,卷首页,本页无印刷页码可见,记录为空待后页推出
2,大篓,表2列头,字形为竹头+娄;乡镇名待地图复核,pending
2,新浦千牵韵母,表3千牵行,新浦列作iẽ(鼻化)而其他列均为ian;需复核鼻化符,pending
2,年连行鼻化符,表2年连行,张湾/海州/板浦/伊山的ẽ鼻化符笔画浅;整行待复核,pending
2,土城酒九声母,表3酒九行,首音标依尖音定义记tθ;字形与θ相近,pending
3,刘楼柳馏上标符号,页中段例句,如'刘=楼cləu/柳=楼cləu/馏=漏ləuᴾ'三处上标小符号3倍放大仍难辨(疑声调或送气标记),pending
3,房山资支调值,表4房山列,资=313支=213同调类不同值系原书如此;双审时复核,pending
3,沙河去声51,表4四事行,沙河去声调值51(与他点41/55不同);字形清晰但为孤证,checked-ok
4,前置小符号c,页3例句x3页4例句x4,IPA前置c形小符号共7处2-3倍放大难辨(疑调标/紧喉);双审专查,pending
4,房山阳平调值冲突,页2表2南兰=24 vs 页4表7神绳=35,需回读页2表2房山列2.5倍复核,pending
4,青口上声调值冲突,页2酒九=24 vs 页4锦景=35,或与页5新派记述有关;待页5接读,pending
4,青口锦景声母,表7锦景青口列,字形近ɕ(尖团应tɕ);2.2倍下仍存疑,pending
