volume_page,source_pdf_page,line_count,avg_score,risk
1,295,18,0.8884,高风险
2,296,135,0.6918,高风险
3,297,93,0.7048,高风险
4,298,203,0.6808,高风险
5,299,103,0.7096,高风险
6,300,86,0.7490,高风险
7,301,73,0.7295,高风险
8,302,189,0.6842,高风险
9,303,90,0.7743,高风险
10,304,129,0.7189,高风险
11,305,131,0.7124,高风险
12,306,126,0.7240,高风险
13,307,129,0.7272,高风险
14,308,127,0.7142,高风险
15,309,135,0.7170,高风险
16,310,133,0.7252,高风险
17,311,117,0.7285,高风险
18,312,66,0.7226,高风险
19,313,103,0.7318,高风险
20,314,184,0.7029,高风险
21,315,147,0.7149,高风险
22,316,177,0.7070,高风险
23,317,171,0.7007,高风险
24,318,152,0.7191,高风险
25,319,213,0.6890,高风险
26,320,201,0.6880,高风险
27,321,209,0.6997,高风险
28,322,213,0.6950,高风险
29,323,183,0.7106,高风险
30,324,221,0.6781,高风险
31,325,220,0.6999,高风险
32,326,212,0.6919,高风险
33,327,197,0.6847,高风险
34,328,168,0.6913,高风险
35,329,211,0.7061,高风险
36,330,218,0.6984,高风险
37,331,182,0.6887,高风险
38,332,174,0.7034,高风险
39,333,185,0.7047,高风险
40,334,153,0.7142,高风险
41,335,193,0.6797,高风险
42,336,213,0.6846,高风险
43,337,178,0.6975,高风险
44,338,201,0.6837,高风险
45,339,111,0.7003,高风险
46,340,78,0.7854,待复核
47,341,44,0.8536,待复核
48,342,37,0.8014,待复核
