volume_page,source_pdf_page,line_count,avg_score,status,risk_note,txt_path,json_path
1,295,18,0.8883626603003094,existing,review_required,E:\codex_Learing\17_project_数字化工作站\projects\lianyungang-city-gazetteer-volume59-fresh\workbench\ocr\rapidocr\page_0295_vol_001_rapidocr.txt,E:\codex_Learing\17_project_数字化工作站\projects\lianyungang-city-gazetteer-volume59-fresh\workbench\ocr\rapidocr\page_0295_vol_001_rapidocr.json
2,296,135,0.6918014436199139,existing,high_ocr_risk,E:\codex_Learing\17_project_数字化工作站\projects\lianyungang-city-gazetteer-volume59-fresh\workbench\ocr\rapidocr\page_0296_vol_002_rapidocr.txt,E:\codex_Learing\17_project_数字化工作站\projects\lianyungang-city-gazetteer-volume59-fresh\workbench\ocr\rapidocr\page_0296_vol_002_rapidocr.json
3,297,93,0.7048269744548605,existing,high_ocr_risk,E:\codex_Learing\17_project_数字化工作站\projects\lianyungang-city-gazetteer-volume59-fresh\workbench\ocr\rapidocr\page_0297_vol_003_rapidocr.txt,E:\codex_Learing\17_project_数字化工作站\projects\lianyungang-city-gazetteer-volume59-fresh\workbench\ocr\rapidocr\page_0297_vol_003_rapidocr.json
4,298,203,0.6807884673488827,existing,high_ocr_risk,E:\codex_Learing\17_project_数字化工作站\projects\lianyungang-city-gazetteer-volume59-fresh\workbench\ocr\rapidocr\page_0298_vol_004_rapidocr.txt,E:\codex_Learing\17_project_数字化工作站\projects\lianyungang-city-gazetteer-volume59-fresh\workbench\ocr\rapidocr\page_0298_vol_004_rapidocr.json
5,299,103,0.7096209355729405,existing,high_ocr_risk,E:\codex_Learing\17_project_数字化工作站\projects\lianyungang-city-gazetteer-volume59-fresh\workbench\ocr\rapidocr\page_0299_vol_005_rapidocr.txt,E:\codex_Learing\17_project_数字化工作站\projects\lianyungang-city-gazetteer-volume59-fresh\workbench\ocr\rapidocr\page_0299_vol_005_rapidocr.json
6,300,86,0.7490061387389569,existing,dialect_layout_risk,E:\codex_Learing\17_project_数字化工作站\projects\lianyungang-city-gazetteer-volume59-fresh\workbench\ocr\rapidocr\page_0300_vol_006_rapidocr.txt,E:\codex_Learing\17_project_数字化工作站\projects\lianyungang-city-gazetteer-volume59-fresh\workbench\ocr\rapidocr\page_0300_vol_006_rapidocr.json
7,301,73,0.7295055146604175,new,dialect_layout_risk,E:\codex_Learing\17_project_数字化工作站\projects\lianyungang-city-gazetteer-volume59-fresh\workbench\ocr\rapidocr\page_0301_vol_007_rapidocr.txt,E:\codex_Learing\17_project_数字化工作站\projects\lianyungang-city-gazetteer-volume59-fresh\workbench\ocr\rapidocr\page_0301_vol_007_rapidocr.json
8,302,189,0.6841960805388074,new,high_ocr_risk,E:\codex_Learing\17_project_数字化工作站\projects\lianyungang-city-gazetteer-volume59-fresh\workbench\ocr\rapidocr\page_0302_vol_008_rapidocr.txt,E:\codex_Learing\17_project_数字化工作站\projects\lianyungang-city-gazetteer-volume59-fresh\workbench\ocr\rapidocr\page_0302_vol_008_rapidocr.json
9,303,90,0.7742885722262473,new,dialect_layout_risk,E:\codex_Learing\17_project_数字化工作站\projects\lianyungang-city-gazetteer-volume59-fresh\workbench\ocr\rapidocr\page_0303_vol_009_rapidocr.txt,E:\codex_Learing\17_project_数字化工作站\projects\lianyungang-city-gazetteer-volume59-fresh\workbench\ocr\rapidocr\page_0303_vol_009_rapidocr.json
10,304,129,0.7189382676775612,new,high_ocr_risk,E:\codex_Learing\17_project_数字化工作站\projects\lianyungang-city-gazetteer-volume59-fresh\workbench\ocr\rapidocr\page_0304_vol_010_rapidocr.txt,E:\codex_Learing\17_project_数字化工作站\projects\lianyungang-city-gazetteer-volume59-fresh\workbench\ocr\rapidocr\page_0304_vol_010_rapidocr.json
11,305,131,0.7124150525592882,new,high_ocr_risk,E:\codex_Learing\17_project_数字化工作站\projects\lianyungang-city-gazetteer-volume59-fresh\workbench\ocr\rapidocr\page_0305_vol_011_rapidocr.txt,E:\codex_Learing\17_project_数字化工作站\projects\lianyungang-city-gazetteer-volume59-fresh\workbench\ocr\rapidocr\page_0305_vol_011_rapidocr.json
12,306,126,0.7239707949019735,new,dialect_layout_risk,E:\codex_Learing\17_project_数字化工作站\projects\lianyungang-city-gazetteer-volume59-fresh\workbench\ocr\rapidocr\page_0306_vol_012_rapidocr.txt,E:\codex_Learing\17_project_数字化工作站\projects\lianyungang-city-gazetteer-volume59-fresh\workbench\ocr\rapidocr\page_0306_vol_012_rapidocr.json
13,307,129,0.7272070704935408,new,dialect_layout_risk,E:\codex_Learing\17_project_数字化工作站\projects\lianyungang-city-gazetteer-volume59-fresh\workbench\ocr\rapidocr\page_0307_vol_013_rapidocr.txt,E:\codex_Learing\17_project_数字化工作站\projects\lianyungang-city-gazetteer-volume59-fresh\workbench\ocr\rapidocr\page_0307_vol_013_rapidocr.json
14,308,127,0.7142468347602252,new,high_ocr_risk,E:\codex_Learing\17_project_数字化工作站\projects\lianyungang-city-gazetteer-volume59-fresh\workbench\ocr\rapidocr\page_0308_vol_014_rapidocr.txt,E:\codex_Learing\17_project_数字化工作站\projects\lianyungang-city-gazetteer-volume59-fresh\workbench\ocr\rapidocr\page_0308_vol_014_rapidocr.json
15,309,135,0.7169586491409338,new,high_ocr_risk,E:\codex_Learing\17_project_数字化工作站\projects\lianyungang-city-gazetteer-volume59-fresh\workbench\ocr\rapidocr\page_0309_vol_015_rapidocr.txt,E:\codex_Learing\17_project_数字化工作站\projects\lianyungang-city-gazetteer-volume59-fresh\workbench\ocr\rapidocr\page_0309_vol_015_rapidocr.json
16,310,133,0.7251711881189276,new,dialect_layout_risk,E:\codex_Learing\17_project_数字化工作站\projects\lianyungang-city-gazetteer-volume59-fresh\workbench\ocr\rapidocr\page_0310_vol_016_rapidocr.txt,E:\codex_Learing\17_project_数字化工作站\projects\lianyungang-city-gazetteer-volume59-fresh\workbench\ocr\rapidocr\page_0310_vol_016_rapidocr.json
17,311,117,0.7284694857635095,new,dialect_layout_risk,E:\codex_Learing\17_project_数字化工作站\projects\lianyungang-city-gazetteer-volume59-fresh\workbench\ocr\rapidocr\page_0311_vol_017_rapidocr.txt,E:\codex_Learing\17_project_数字化工作站\projects\lianyungang-city-gazetteer-volume59-fresh\workbench\ocr\rapidocr\page_0311_vol_017_rapidocr.json
18,312,66,0.7225907577432392,new,dialect_layout_risk,E:\codex_Learing\17_project_数字化工作站\projects\lianyungang-city-gazetteer-volume59-fresh\workbench\ocr\rapidocr\page_0312_vol_018_rapidocr.txt,E:\codex_Learing\17_project_数字化工作站\projects\lianyungang-city-gazetteer-volume59-fresh\workbench\ocr\rapidocr\page_0312_vol_018_rapidocr.json
19,313,103,0.7318145795411845,new,dialect_layout_risk,E:\codex_Learing\17_project_数字化工作站\projects\lianyungang-city-gazetteer-volume59-fresh\workbench\ocr\rapidocr\page_0313_vol_019_rapidocr.txt,E:\codex_Learing\17_project_数字化工作站\projects\lianyungang-city-gazetteer-volume59-fresh\workbench\ocr\rapidocr\page_0313_vol_019_rapidocr.json
20,314,184,0.7029407812476636,new,high_ocr_risk,E:\codex_Learing\17_project_数字化工作站\projects\lianyungang-city-gazetteer-volume59-fresh\workbench\ocr\rapidocr\page_0314_vol_020_rapidocr.txt,E:\codex_Learing\17_project_数字化工作站\projects\lianyungang-city-gazetteer-volume59-fresh\workbench\ocr\rapidocr\page_0314_vol_020_rapidocr.json
21,315,147,0.7149183211483412,new,high_ocr_risk,E:\codex_Learing\17_project_数字化工作站\projects\lianyungang-city-gazetteer-volume59-fresh\workbench\ocr\rapidocr\page_0315_vol_021_rapidocr.txt,E:\codex_Learing\17_project_数字化工作站\projects\lianyungang-city-gazetteer-volume59-fresh\workbench\ocr\rapidocr\page_0315_vol_021_rapidocr.json
22,316,177,0.7069681841151954,new,high_ocr_risk,E:\codex_Learing\17_project_数字化工作站\projects\lianyungang-city-gazetteer-volume59-fresh\workbench\ocr\rapidocr\page_0316_vol_022_rapidocr.txt,E:\codex_Learing\17_project_数字化工作站\projects\lianyungang-city-gazetteer-volume59-fresh\workbench\ocr\rapidocr\page_0316_vol_022_rapidocr.json
23,317,171,0.7006501302062499,new,high_ocr_risk,E:\codex_Learing\17_project_数字化工作站\projects\lianyungang-city-gazetteer-volume59-fresh\workbench\ocr\rapidocr\page_0317_vol_023_rapidocr.txt,E:\codex_Learing\17_project_数字化工作站\projects\lianyungang-city-gazetteer-volume59-fresh\workbench\ocr\rapidocr\page_0317_vol_023_rapidocr.json
24,318,152,0.7190645808434047,new,high_ocr_risk,E:\codex_Learing\17_project_数字化工作站\projects\lianyungang-city-gazetteer-volume59-fresh\workbench\ocr\rapidocr\page_0318_vol_024_rapidocr.txt,E:\codex_Learing\17_project_数字化工作站\projects\lianyungang-city-gazetteer-volume59-fresh\workbench\ocr\rapidocr\page_0318_vol_024_rapidocr.json
25,319,213,0.6890139508659603,new,high_ocr_risk,E:\codex_Learing\17_project_数字化工作站\projects\lianyungang-city-gazetteer-volume59-fresh\workbench\ocr\rapidocr\page_0319_vol_025_rapidocr.txt,E:\codex_Learing\17_project_数字化工作站\projects\lianyungang-city-gazetteer-volume59-fresh\workbench\ocr\rapidocr\page_0319_vol_025_rapidocr.json
26,320,201,0.6880029868213534,new,high_ocr_risk,E:\codex_Learing\17_project_数字化工作站\projects\lianyungang-city-gazetteer-volume59-fresh\workbench\ocr\rapidocr\page_0320_vol_026_rapidocr.txt,E:\codex_Learing\17_project_数字化工作站\projects\lianyungang-city-gazetteer-volume59-fresh\workbench\ocr\rapidocr\page_0320_vol_026_rapidocr.json
27,321,209,0.6997423809428137,new,high_ocr_risk,E:\codex_Learing\17_project_数字化工作站\projects\lianyungang-city-gazetteer-volume59-fresh\workbench\ocr\rapidocr\page_0321_vol_027_rapidocr.txt,E:\codex_Learing\17_project_数字化工作站\projects\lianyungang-city-gazetteer-volume59-fresh\workbench\ocr\rapidocr\page_0321_vol_027_rapidocr.json
28,322,213,0.695026659745212,new,high_ocr_risk,E:\codex_Learing\17_project_数字化工作站\projects\lianyungang-city-gazetteer-volume59-fresh\workbench\ocr\rapidocr\page_0322_vol_028_rapidocr.txt,E:\codex_Learing\17_project_数字化工作站\projects\lianyungang-city-gazetteer-volume59-fresh\workbench\ocr\rapidocr\page_0322_vol_028_rapidocr.json
29,323,183,0.7106479340456632,new,high_ocr_risk,E:\codex_Learing\17_project_数字化工作站\projects\lianyungang-city-gazetteer-volume59-fresh\workbench\ocr\rapidocr\page_0323_vol_029_rapidocr.txt,E:\codex_Learing\17_project_数字化工作站\projects\lianyungang-city-gazetteer-volume59-fresh\workbench\ocr\rapidocr\page_0323_vol_029_rapidocr.json
30,324,221,0.6780832780822059,new,high_ocr_risk,E:\codex_Learing\17_project_数字化工作站\projects\lianyungang-city-gazetteer-volume59-fresh\workbench\ocr\rapidocr\page_0324_vol_030_rapidocr.txt,E:\codex_Learing\17_project_数字化工作站\projects\lianyungang-city-gazetteer-volume59-fresh\workbench\ocr\rapidocr\page_0324_vol_030_rapidocr.json
31,325,220,0.699865976154256,new,high_ocr_risk,E:\codex_Learing\17_project_数字化工作站\projects\lianyungang-city-gazetteer-volume59-fresh\workbench\ocr\rapidocr\page_0325_vol_031_rapidocr.txt,E:\codex_Learing\17_project_数字化工作站\projects\lianyungang-city-gazetteer-volume59-fresh\workbench\ocr\rapidocr\page_0325_vol_031_rapidocr.json
32,326,212,0.6919468886106775,new,high_ocr_risk,E:\codex_Learing\17_project_数字化工作站\projects\lianyungang-city-gazetteer-volume59-fresh\workbench\ocr\rapidocr\page_0326_vol_032_rapidocr.txt,E:\codex_Learing\17_project_数字化工作站\projects\lianyungang-city-gazetteer-volume59-fresh\workbench\ocr\rapidocr\page_0326_vol_032_rapidocr.json
33,327,197,0.6847075273696654,new,high_ocr_risk,E:\codex_Learing\17_project_数字化工作站\projects\lianyungang-city-gazetteer-volume59-fresh\workbench\ocr\rapidocr\page_0327_vol_033_rapidocr.txt,E:\codex_Learing\17_project_数字化工作站\projects\lianyungang-city-gazetteer-volume59-fresh\workbench\ocr\rapidocr\page_0327_vol_033_rapidocr.json
34,328,168,0.6912845699257453,new,high_ocr_risk,E:\codex_Learing\17_project_数字化工作站\projects\lianyungang-city-gazetteer-volume59-fresh\workbench\ocr\rapidocr\page_0328_vol_034_rapidocr.txt,E:\codex_Learing\17_project_数字化工作站\projects\lianyungang-city-gazetteer-volume59-fresh\workbench\ocr\rapidocr\page_0328_vol_034_rapidocr.json
35,329,211,0.7060996921541269,new,high_ocr_risk,E:\codex_Learing\17_project_数字化工作站\projects\lianyungang-city-gazetteer-volume59-fresh\workbench\ocr\rapidocr\page_0329_vol_035_rapidocr.txt,E:\codex_Learing\17_project_数字化工作站\projects\lianyungang-city-gazetteer-volume59-fresh\workbench\ocr\rapidocr\page_0329_vol_035_rapidocr.json
36,330,218,0.6984199139487681,new,high_ocr_risk,E:\codex_Learing\17_project_数字化工作站\projects\lianyungang-city-gazetteer-volume59-fresh\workbench\ocr\rapidocr\page_0330_vol_036_rapidocr.txt,E:\codex_Learing\17_project_数字化工作站\projects\lianyungang-city-gazetteer-volume59-fresh\workbench\ocr\rapidocr\page_0330_vol_036_rapidocr.json
37,331,182,0.6886987705151251,new,high_ocr_risk,E:\codex_Learing\17_project_数字化工作站\projects\lianyungang-city-gazetteer-volume59-fresh\workbench\ocr\rapidocr\page_0331_vol_037_rapidocr.txt,E:\codex_Learing\17_project_数字化工作站\projects\lianyungang-city-gazetteer-volume59-fresh\workbench\ocr\rapidocr\page_0331_vol_037_rapidocr.json
38,332,174,0.7034225952897735,new,high_ocr_risk,E:\codex_Learing\17_project_数字化工作站\projects\lianyungang-city-gazetteer-volume59-fresh\workbench\ocr\rapidocr\page_0332_vol_038_rapidocr.txt,E:\codex_Learing\17_project_数字化工作站\projects\lianyungang-city-gazetteer-volume59-fresh\workbench\ocr\rapidocr\page_0332_vol_038_rapidocr.json
39,333,185,0.7046966119810356,new,high_ocr_risk,E:\codex_Learing\17_project_数字化工作站\projects\lianyungang-city-gazetteer-volume59-fresh\workbench\ocr\rapidocr\page_0333_vol_039_rapidocr.txt,E:\codex_Learing\17_project_数字化工作站\projects\lianyungang-city-gazetteer-volume59-fresh\workbench\ocr\rapidocr\page_0333_vol_039_rapidocr.json
40,334,153,0.7141849219039118,new,high_ocr_risk,E:\codex_Learing\17_project_数字化工作站\projects\lianyungang-city-gazetteer-volume59-fresh\workbench\ocr\rapidocr\page_0334_vol_040_rapidocr.txt,E:\codex_Learing\17_project_数字化工作站\projects\lianyungang-city-gazetteer-volume59-fresh\workbench\ocr\rapidocr\page_0334_vol_040_rapidocr.json
41,335,193,0.6797364641370403,new,high_ocr_risk,E:\codex_Learing\17_project_数字化工作站\projects\lianyungang-city-gazetteer-volume59-fresh\workbench\ocr\rapidocr\page_0335_vol_041_rapidocr.txt,E:\codex_Learing\17_project_数字化工作站\projects\lianyungang-city-gazetteer-volume59-fresh\workbench\ocr\rapidocr\page_0335_vol_041_rapidocr.json
42,336,213,0.6845989965898812,new,high_ocr_risk,E:\codex_Learing\17_project_数字化工作站\projects\lianyungang-city-gazetteer-volume59-fresh\workbench\ocr\rapidocr\page_0336_vol_042_rapidocr.txt,E:\codex_Learing\17_project_数字化工作站\projects\lianyungang-city-gazetteer-volume59-fresh\workbench\ocr\rapidocr\page_0336_vol_042_rapidocr.json
43,337,178,0.6974665745882427,new,high_ocr_risk,E:\codex_Learing\17_project_数字化工作站\projects\lianyungang-city-gazetteer-volume59-fresh\workbench\ocr\rapidocr\page_0337_vol_043_rapidocr.txt,E:\codex_Learing\17_project_数字化工作站\projects\lianyungang-city-gazetteer-volume59-fresh\workbench\ocr\rapidocr\page_0337_vol_043_rapidocr.json
44,338,201,0.6837471785962765,new,high_ocr_risk,E:\codex_Learing\17_project_数字化工作站\projects\lianyungang-city-gazetteer-volume59-fresh\workbench\ocr\rapidocr\page_0338_vol_044_rapidocr.txt,E:\codex_Learing\17_project_数字化工作站\projects\lianyungang-city-gazetteer-volume59-fresh\workbench\ocr\rapidocr\page_0338_vol_044_rapidocr.json
45,339,111,0.7002880626461394,new,high_ocr_risk,E:\codex_Learing\17_project_数字化工作站\projects\lianyungang-city-gazetteer-volume59-fresh\workbench\ocr\rapidocr\page_0339_vol_045_rapidocr.txt,E:\codex_Learing\17_project_数字化工作站\projects\lianyungang-city-gazetteer-volume59-fresh\workbench\ocr\rapidocr\page_0339_vol_045_rapidocr.json
46,340,78,0.78539792105936,new,review_required,E:\codex_Learing\17_project_数字化工作站\projects\lianyungang-city-gazetteer-volume59-fresh\workbench\ocr\rapidocr\page_0340_vol_046_rapidocr.txt,E:\codex_Learing\17_project_数字化工作站\projects\lianyungang-city-gazetteer-volume59-fresh\workbench\ocr\rapidocr\page_0340_vol_046_rapidocr.json
47,341,44,0.8535942493707924,new,review_required,E:\codex_Learing\17_project_数字化工作站\projects\lianyungang-city-gazetteer-volume59-fresh\workbench\ocr\rapidocr\page_0341_vol_047_rapidocr.txt,E:\codex_Learing\17_project_数字化工作站\projects\lianyungang-city-gazetteer-volume59-fresh\workbench\ocr\rapidocr\page_0341_vol_047_rapidocr.json
48,342,37,0.801395411492529,new,review_required,E:\codex_Learing\17_project_数字化工作站\projects\lianyungang-city-gazetteer-volume59-fresh\workbench\ocr\rapidocr\page_0342_vol_048_rapidocr.txt,E:\codex_Learing\17_project_数字化工作站\projects\lianyungang-city-gazetteer-volume59-fresh\workbench\ocr\rapidocr\page_0342_vol_048_rapidocr.json
