volume_page,source_pdf_page,page_id,dialect_route,status,note
1,295,page_0295,phonology_tables_or_prose,pending_fresh_ocr_and_manual_layout_review,"likely contains phonology discussion, IPA, tone values, or sound correspondence tables"
2,296,page_0296,phonology_tables_or_prose,pending_fresh_ocr_and_manual_layout_review,"likely contains phonology discussion, IPA, tone values, or sound correspondence tables"
3,297,page_0297,phonology_tables_or_prose,pending_fresh_ocr_and_manual_layout_review,"likely contains phonology discussion, IPA, tone values, or sound correspondence tables"
4,298,page_0298,phonology_tables_or_prose,pending_fresh_ocr_and_manual_layout_review,"likely contains phonology discussion, IPA, tone values, or sound correspondence tables"
5,299,page_0299,phonology_tables_or_prose,pending_fresh_ocr_and_manual_layout_review,"likely contains phonology discussion, IPA, tone values, or sound correspondence tables"
6,300,page_0300,phonology_tables_or_prose,pending_fresh_ocr_and_manual_layout_review,"likely contains phonology discussion, IPA, tone values, or sound correspondence tables"
7,301,page_0301,phonology_tables_or_prose,pending_fresh_ocr_and_manual_layout_review,"likely contains phonology discussion, IPA, tone values, or sound correspondence tables"
8,302,page_0302,phonology_tables_or_prose,pending_fresh_ocr_and_manual_layout_review,"likely contains phonology discussion, IPA, tone values, or sound correspondence tables"
9,303,page_0303,phonology_tables_or_prose,pending_fresh_ocr_and_manual_layout_review,"likely contains phonology discussion, IPA, tone values, or sound correspondence tables"
10,304,page_0304,phonology_tables_or_prose,pending_fresh_ocr_and_manual_layout_review,"likely contains phonology discussion, IPA, tone values, or sound correspondence tables"
11,305,page_0305,phonology_tables_or_prose,pending_fresh_ocr_and_manual_layout_review,"likely contains phonology discussion, IPA, tone values, or sound correspondence tables"
12,306,page_0306,phonology_tables_or_prose,pending_fresh_ocr_and_manual_layout_review,"likely contains phonology discussion, IPA, tone values, or sound correspondence tables"
13,307,page_0307,phonology_tables_or_prose,pending_fresh_ocr_and_manual_layout_review,"likely contains phonology discussion, IPA, tone values, or sound correspondence tables"
14,308,page_0308,phonology_tables_or_prose,pending_fresh_ocr_and_manual_layout_review,"likely contains phonology discussion, IPA, tone values, or sound correspondence tables"
15,309,page_0309,phonology_tables_or_prose,pending_fresh_ocr_and_manual_layout_review,"likely contains phonology discussion, IPA, tone values, or sound correspondence tables"
16,310,page_0310,phonology_tables_or_prose,pending_fresh_ocr_and_manual_layout_review,"likely contains phonology discussion, IPA, tone values, or sound correspondence tables"
17,311,page_0311,phonology_tables_or_prose,pending_fresh_ocr_and_manual_layout_review,"likely contains phonology discussion, IPA, tone values, or sound correspondence tables"
18,312,page_0312,phonology_tables_or_prose,pending_fresh_ocr_and_manual_layout_review,"likely contains phonology discussion, IPA, tone values, or sound correspondence tables"
19,313,page_0313,phonology_tables_or_prose,pending_fresh_ocr_and_manual_layout_review,"likely contains phonology discussion, IPA, tone values, or sound correspondence tables"
20,314,page_0314,phonology_tables_or_prose,pending_fresh_ocr_and_manual_layout_review,"likely contains phonology discussion, IPA, tone values, or sound correspondence tables"
21,315,page_0315,phonology_tables_or_prose,pending_fresh_ocr_and_manual_layout_review,"likely contains phonology discussion, IPA, tone values, or sound correspondence tables"
22,316,page_0316,phonology_tables_or_prose,pending_fresh_ocr_and_manual_layout_review,"likely contains phonology discussion, IPA, tone values, or sound correspondence tables"
23,317,page_0317,phonology_tables_or_prose,pending_fresh_ocr_and_manual_layout_review,"likely contains phonology discussion, IPA, tone values, or sound correspondence tables"
24,318,page_0318,phonology_tables_or_prose,pending_fresh_ocr_and_manual_layout_review,"likely contains phonology discussion, IPA, tone values, or sound correspondence tables"
25,319,page_0319,phonology_tables_or_prose,pending_fresh_ocr_and_manual_layout_review,"likely contains phonology discussion, IPA, tone values, or sound correspondence tables"
26,320,page_0320,phonology_tables_or_prose,pending_fresh_ocr_and_manual_layout_review,"likely contains phonology discussion, IPA, tone values, or sound correspondence tables"
27,321,page_0321,dictionary_mode,pending_fresh_ocr_and_manual_layout_review,likely contains homophone dictionary or dialect lexicon blocks; segment before OCR cleanup
28,322,page_0322,dictionary_mode,pending_fresh_ocr_and_manual_layout_review,likely contains homophone dictionary or dialect lexicon blocks; segment before OCR cleanup
29,323,page_0323,dictionary_mode,pending_fresh_ocr_and_manual_layout_review,likely contains homophone dictionary or dialect lexicon blocks; segment before OCR cleanup
30,324,page_0324,dictionary_mode,pending_fresh_ocr_and_manual_layout_review,likely contains homophone dictionary or dialect lexicon blocks; segment before OCR cleanup
31,325,page_0325,dictionary_mode,pending_fresh_ocr_and_manual_layout_review,likely contains homophone dictionary or dialect lexicon blocks; segment before OCR cleanup
32,326,page_0326,dictionary_mode,pending_fresh_ocr_and_manual_layout_review,likely contains homophone dictionary or dialect lexicon blocks; segment before OCR cleanup
33,327,page_0327,dictionary_mode,pending_fresh_ocr_and_manual_layout_review,likely contains homophone dictionary or dialect lexicon blocks; segment before OCR cleanup
34,328,page_0328,dictionary_mode,pending_fresh_ocr_and_manual_layout_review,likely contains homophone dictionary or dialect lexicon blocks; segment before OCR cleanup
35,329,page_0329,dictionary_mode,pending_fresh_ocr_and_manual_layout_review,likely contains homophone dictionary or dialect lexicon blocks; segment before OCR cleanup
36,330,page_0330,dictionary_mode,pending_fresh_ocr_and_manual_layout_review,likely contains homophone dictionary or dialect lexicon blocks; segment before OCR cleanup
37,331,page_0331,dictionary_mode,pending_fresh_ocr_and_manual_layout_review,likely contains homophone dictionary or dialect lexicon blocks; segment before OCR cleanup
38,332,page_0332,dictionary_mode,pending_fresh_ocr_and_manual_layout_review,likely contains homophone dictionary or dialect lexicon blocks; segment before OCR cleanup
39,333,page_0333,dictionary_mode,pending_fresh_ocr_and_manual_layout_review,likely contains homophone dictionary or dialect lexicon blocks; segment before OCR cleanup
40,334,page_0334,dictionary_mode,pending_fresh_ocr_and_manual_layout_review,likely contains homophone dictionary or dialect lexicon blocks; segment before OCR cleanup
41,335,page_0335,dictionary_mode,pending_fresh_ocr_and_manual_layout_review,likely contains homophone dictionary or dialect lexicon blocks; segment before OCR cleanup
42,336,page_0336,dictionary_mode,pending_fresh_ocr_and_manual_layout_review,likely contains homophone dictionary or dialect lexicon blocks; segment before OCR cleanup
43,337,page_0337,mixed_dialect_prose,pending_fresh_ocr_and_manual_layout_review,likely contains lexicon/prose/grammar material; confirm by fresh OCR and page view
44,338,page_0338,mixed_dialect_prose,pending_fresh_ocr_and_manual_layout_review,likely contains lexicon/prose/grammar material; confirm by fresh OCR and page view
45,339,page_0339,mixed_dialect_prose,pending_fresh_ocr_and_manual_layout_review,likely contains lexicon/prose/grammar material; confirm by fresh OCR and page view
46,340,page_0340,mixed_dialect_prose,pending_fresh_ocr_and_manual_layout_review,likely contains lexicon/prose/grammar material; confirm by fresh OCR and page view
47,341,page_0341,mixed_dialect_prose,pending_fresh_ocr_and_manual_layout_review,likely contains lexicon/prose/grammar material; confirm by fresh OCR and page view
48,342,page_0342,mixed_dialect_prose,pending_fresh_ocr_and_manual_layout_review,likely contains lexicon/prose/grammar material; confirm by fresh OCR and page view
