volume_page,source_pdf,source_pdf_page,original_image,cropped_image,original_sha256,cropped_sha256,status
1,E:\codex_Learing\17_project_数字化工作站\连云港志原件\连云港志下_2.pdf,295,E:\codex_Learing\17_project_数字化工作站\projects\lianyungang-city-gazetteer-volume59-fresh\workbench\page_images\original\page_0295_vol_001_original_300dpi.jpg,E:\codex_Learing\17_project_数字化工作站\projects\lianyungang-city-gazetteer-volume59-fresh\workbench\page_images\cropped\page_0295_vol_001_cropped_300dpi.jpg,0177425a3d5436bedfb92c07c43f74fd3e1ba2f465a77907147a67af17e6020e,5d4c3183a6deaf9adee875a96d564322b78e3c5edeb7f6eb35dd85065263713c,rendered_from_original
2,E:\codex_Learing\17_project_数字化工作站\连云港志原件\连云港志下_2.pdf,296,E:\codex_Learing\17_project_数字化工作站\projects\lianyungang-city-gazetteer-volume59-fresh\workbench\page_images\original\page_0296_vol_002_original_300dpi.jpg,E:\codex_Learing\17_project_数字化工作站\projects\lianyungang-city-gazetteer-volume59-fresh\workbench\page_images\cropped\page_0296_vol_002_cropped_300dpi.jpg,a5c2bbfc02cf5cfaaa9379e0a450c3edb6283f9a2013b4198701d42813ea6650,6cce53687c16cf19e5fd8afa4eee2841f555fec608b7bf2a23355a11c0c0e91f,rendered_from_original
3,E:\codex_Learing\17_project_数字化工作站\连云港志原件\连云港志下_2.pdf,297,E:\codex_Learing\17_project_数字化工作站\projects\lianyungang-city-gazetteer-volume59-fresh\workbench\page_images\original\page_0297_vol_003_original_300dpi.jpg,E:\codex_Learing\17_project_数字化工作站\projects\lianyungang-city-gazetteer-volume59-fresh\workbench\page_images\cropped\page_0297_vol_003_cropped_300dpi.jpg,b0391ee54fb239340fcb2cc0c7d4f2f6464d62ad36ae601c453a77c0f6dbf4b0,6d83acc0fa52a28a574d4005915ddac8c77dbde0ceade44471ffe5f1f073c023,rendered_from_original
4,E:\codex_Learing\17_project_数字化工作站\连云港志原件\连云港志下_2.pdf,298,E:\codex_Learing\17_project_数字化工作站\projects\lianyungang-city-gazetteer-volume59-fresh\workbench\page_images\original\page_0298_vol_004_original_300dpi.jpg,E:\codex_Learing\17_project_数字化工作站\projects\lianyungang-city-gazetteer-volume59-fresh\workbench\page_images\cropped\page_0298_vol_004_cropped_300dpi.jpg,a27d18325242d80aeaf9b1bcf0dfaa1d4b94918199db35b96a2e5588c8170239,7ab34509ea05fdf6ade0f3c0b813cfde8200da5ff2295c22fa5afb41c64faf96,rendered_from_original
5,E:\codex_Learing\17_project_数字化工作站\连云港志原件\连云港志下_2.pdf,299,E:\codex_Learing\17_project_数字化工作站\projects\lianyungang-city-gazetteer-volume59-fresh\workbench\page_images\original\page_0299_vol_005_original_300dpi.jpg,E:\codex_Learing\17_project_数字化工作站\projects\lianyungang-city-gazetteer-volume59-fresh\workbench\page_images\cropped\page_0299_vol_005_cropped_300dpi.jpg,56bfdda5cdac877b4c983e556b694ff207f507adc3df860e78ad940e873661ee,7ec83d0c8c4a4c3de2428a3e22556af7e4a96bbdd8aed00c13c9c33928d19763,rendered_from_original
6,E:\codex_Learing\17_project_数字化工作站\连云港志原件\连云港志下_2.pdf,300,E:\codex_Learing\17_project_数字化工作站\projects\lianyungang-city-gazetteer-volume59-fresh\workbench\page_images\original\page_0300_vol_006_original_300dpi.jpg,E:\codex_Learing\17_project_数字化工作站\projects\lianyungang-city-gazetteer-volume59-fresh\workbench\page_images\cropped\page_0300_vol_006_cropped_300dpi.jpg,60d72a4bc8740682c6b6b9cb6b3c2c1384624c2d50f913d9c9b3288b48242bbc,1434f20ae1f2eaa38daa4d576796c7f2d313ff6f97233fe9af4daccc812b3ffe,rendered_from_original
7,E:\codex_Learing\17_project_数字化工作站\连云港志原件\连云港志下_2.pdf,301,E:\codex_Learing\17_project_数字化工作站\projects\lianyungang-city-gazetteer-volume59-fresh\workbench\page_images\original\page_0301_vol_007_original_300dpi.jpg,E:\codex_Learing\17_project_数字化工作站\projects\lianyungang-city-gazetteer-volume59-fresh\workbench\page_images\cropped\page_0301_vol_007_cropped_300dpi.jpg,8e5360069b605b2a348fbea82a11ffbdbdf9b90348db41f3ec43c378b8f3720a,42c108737cce6b3c9c20ee2cb2ae762708b3f8a74a9129ede3a5afe15346beff,rendered_from_original
8,E:\codex_Learing\17_project_数字化工作站\连云港志原件\连云港志下_2.pdf,302,E:\codex_Learing\17_project_数字化工作站\projects\lianyungang-city-gazetteer-volume59-fresh\workbench\page_images\original\page_0302_vol_008_original_300dpi.jpg,E:\codex_Learing\17_project_数字化工作站\projects\lianyungang-city-gazetteer-volume59-fresh\workbench\page_images\cropped\page_0302_vol_008_cropped_300dpi.jpg,ba37fb03cb6464160175dac7c11c9e31f546195f905d5ca0614dfacb22c399f7,99d1ca6a3953c364c2927edbcd42c857f29c19cc3a6b9673eb5d017f610dd0a0,rendered_from_original
9,E:\codex_Learing\17_project_数字化工作站\连云港志原件\连云港志下_2.pdf,303,E:\codex_Learing\17_project_数字化工作站\projects\lianyungang-city-gazetteer-volume59-fresh\workbench\page_images\original\page_0303_vol_009_original_300dpi.jpg,E:\codex_Learing\17_project_数字化工作站\projects\lianyungang-city-gazetteer-volume59-fresh\workbench\page_images\cropped\page_0303_vol_009_cropped_300dpi.jpg,440d48daa31ba0e32094c51b13fa073ff078b9af3f447835b55a41a3f3c9930c,99fc8bf499aaf594b6b36beb1880f98d8102c729c87af2c887db83bf608e9969,rendered_from_original
10,E:\codex_Learing\17_project_数字化工作站\连云港志原件\连云港志下_2.pdf,304,E:\codex_Learing\17_project_数字化工作站\projects\lianyungang-city-gazetteer-volume59-fresh\workbench\page_images\original\page_0304_vol_010_original_300dpi.jpg,E:\codex_Learing\17_project_数字化工作站\projects\lianyungang-city-gazetteer-volume59-fresh\workbench\page_images\cropped\page_0304_vol_010_cropped_300dpi.jpg,15ea1b1d0a87aff880fd170f1234205cfab405f5ec58a2356311662c9a85350a,416a79af97344f7fd039df8be07019f690c4f612b9f49aad132369d9b05684b3,rendered_from_original
11,E:\codex_Learing\17_project_数字化工作站\连云港志原件\连云港志下_2.pdf,305,E:\codex_Learing\17_project_数字化工作站\projects\lianyungang-city-gazetteer-volume59-fresh\workbench\page_images\original\page_0305_vol_011_original_300dpi.jpg,E:\codex_Learing\17_project_数字化工作站\projects\lianyungang-city-gazetteer-volume59-fresh\workbench\page_images\cropped\page_0305_vol_011_cropped_300dpi.jpg,c24221906ed62584027d7637ce03c42838d41f4e7637ee3267562eefeaacb9f2,0b87aa13037320606e0fc39656f232b5e7dacc3dc59ef44a9ea554263a33c1ec,rendered_from_original
12,E:\codex_Learing\17_project_数字化工作站\连云港志原件\连云港志下_2.pdf,306,E:\codex_Learing\17_project_数字化工作站\projects\lianyungang-city-gazetteer-volume59-fresh\workbench\page_images\original\page_0306_vol_012_original_300dpi.jpg,E:\codex_Learing\17_project_数字化工作站\projects\lianyungang-city-gazetteer-volume59-fresh\workbench\page_images\cropped\page_0306_vol_012_cropped_300dpi.jpg,4d920f5b5fe78c61e3dbcb8de354ddb11bbc659897d6efea3e249f9c7b488dac,d531b4395cd58cf8c3f352bb8c265dc7c0f521ef604f2389cb52a10a4ea4faed,rendered_from_original
13,E:\codex_Learing\17_project_数字化工作站\连云港志原件\连云港志下_2.pdf,307,E:\codex_Learing\17_project_数字化工作站\projects\lianyungang-city-gazetteer-volume59-fresh\workbench\page_images\original\page_0307_vol_013_original_300dpi.jpg,E:\codex_Learing\17_project_数字化工作站\projects\lianyungang-city-gazetteer-volume59-fresh\workbench\page_images\cropped\page_0307_vol_013_cropped_300dpi.jpg,c27e56280c3b97483b753e37f82954dd9c69b80202b1ca24a5ca6a3f153f31d3,a071dc8fb4e56a7b44e12c1a0ac07b7dbba53b69c8deaa84e758b78ca834a400,rendered_from_original
14,E:\codex_Learing\17_project_数字化工作站\连云港志原件\连云港志下_2.pdf,308,E:\codex_Learing\17_project_数字化工作站\projects\lianyungang-city-gazetteer-volume59-fresh\workbench\page_images\original\page_0308_vol_014_original_300dpi.jpg,E:\codex_Learing\17_project_数字化工作站\projects\lianyungang-city-gazetteer-volume59-fresh\workbench\page_images\cropped\page_0308_vol_014_cropped_300dpi.jpg,b45b4ff007e07a21c0f9186aff76d41e98c772cb6145d22910bb169bfdc54ba5,9a16b3a7f6e0fd163309a94c76a33bba723aea8df680a29fa08f5a8967ebc47c,rendered_from_original
15,E:\codex_Learing\17_project_数字化工作站\连云港志原件\连云港志下_2.pdf,309,E:\codex_Learing\17_project_数字化工作站\projects\lianyungang-city-gazetteer-volume59-fresh\workbench\page_images\original\page_0309_vol_015_original_300dpi.jpg,E:\codex_Learing\17_project_数字化工作站\projects\lianyungang-city-gazetteer-volume59-fresh\workbench\page_images\cropped\page_0309_vol_015_cropped_300dpi.jpg,7d3aff8958115c70911f880e730d48b17b806990d1c1a896f1c514a96c0e00cf,8d2091098175a71be387e7eb0f6267b8e194fcff6659103cec168246f34e2e7f,rendered_from_original
16,E:\codex_Learing\17_project_数字化工作站\连云港志原件\连云港志下_2.pdf,310,E:\codex_Learing\17_project_数字化工作站\projects\lianyungang-city-gazetteer-volume59-fresh\workbench\page_images\original\page_0310_vol_016_original_300dpi.jpg,E:\codex_Learing\17_project_数字化工作站\projects\lianyungang-city-gazetteer-volume59-fresh\workbench\page_images\cropped\page_0310_vol_016_cropped_300dpi.jpg,1be465cc2ca7fdb55fcf78075a05efd0a5821a822a4e34be66ea7a2cc4b8f87e,2f9ca266c1323be837ba6958d34d42f15433dd3ef6593a7e5031451084443bc0,rendered_from_original
17,E:\codex_Learing\17_project_数字化工作站\连云港志原件\连云港志下_2.pdf,311,E:\codex_Learing\17_project_数字化工作站\projects\lianyungang-city-gazetteer-volume59-fresh\workbench\page_images\original\page_0311_vol_017_original_300dpi.jpg,E:\codex_Learing\17_project_数字化工作站\projects\lianyungang-city-gazetteer-volume59-fresh\workbench\page_images\cropped\page_0311_vol_017_cropped_300dpi.jpg,cdb0ebe413ae1a955ece30113f545a1f4b19a4842b959096e7ab35678e93328d,f1e63c0ae34fc286a07eb6304df873968cb2fc43fec1c484e95ad72f88bd7608,rendered_from_original
18,E:\codex_Learing\17_project_数字化工作站\连云港志原件\连云港志下_2.pdf,312,E:\codex_Learing\17_project_数字化工作站\projects\lianyungang-city-gazetteer-volume59-fresh\workbench\page_images\original\page_0312_vol_018_original_300dpi.jpg,E:\codex_Learing\17_project_数字化工作站\projects\lianyungang-city-gazetteer-volume59-fresh\workbench\page_images\cropped\page_0312_vol_018_cropped_300dpi.jpg,a773df6d26f4386deda8982f92f0ba00f1d20d109ae6369dc6b6c2d7b7b32110,5c98669e1a07d07ba91e6834cb85763b8185ec3714bbd66cc515174bbfcc7cfa,rendered_from_original
19,E:\codex_Learing\17_project_数字化工作站\连云港志原件\连云港志下_2.pdf,313,E:\codex_Learing\17_project_数字化工作站\projects\lianyungang-city-gazetteer-volume59-fresh\workbench\page_images\original\page_0313_vol_019_original_300dpi.jpg,E:\codex_Learing\17_project_数字化工作站\projects\lianyungang-city-gazetteer-volume59-fresh\workbench\page_images\cropped\page_0313_vol_019_cropped_300dpi.jpg,e418965e011ccbb3965b6ccde2a5a3c70321a98ff81ba4c1f9068080c53f4e22,f3779f529bc2b2577ab60311d00efc41f2eec03a392bb3a32d9da845e723bd09,rendered_from_original
20,E:\codex_Learing\17_project_数字化工作站\连云港志原件\连云港志下_2.pdf,314,E:\codex_Learing\17_project_数字化工作站\projects\lianyungang-city-gazetteer-volume59-fresh\workbench\page_images\original\page_0314_vol_020_original_300dpi.jpg,E:\codex_Learing\17_project_数字化工作站\projects\lianyungang-city-gazetteer-volume59-fresh\workbench\page_images\cropped\page_0314_vol_020_cropped_300dpi.jpg,fbdd39872f135712c12949e6ce80be58afe5434d6686979cdd01ee8e3919c268,04e3b9cc06a3f20f56c91b8cb8a08f25257edbe9952cb6d950c754b0ee77cf09,rendered_from_original
21,E:\codex_Learing\17_project_数字化工作站\连云港志原件\连云港志下_2.pdf,315,E:\codex_Learing\17_project_数字化工作站\projects\lianyungang-city-gazetteer-volume59-fresh\workbench\page_images\original\page_0315_vol_021_original_300dpi.jpg,E:\codex_Learing\17_project_数字化工作站\projects\lianyungang-city-gazetteer-volume59-fresh\workbench\page_images\cropped\page_0315_vol_021_cropped_300dpi.jpg,5a3ef81b146e73c668a63bf42e7acb466edcb91f01e1f937e9fce35d8a7aa5f1,33d9a65d4f7026cd31eb7a2c4688a4bde63c93f8a0aa53dd815c14f8ba58a7e4,rendered_from_original
22,E:\codex_Learing\17_project_数字化工作站\连云港志原件\连云港志下_2.pdf,316,E:\codex_Learing\17_project_数字化工作站\projects\lianyungang-city-gazetteer-volume59-fresh\workbench\page_images\original\page_0316_vol_022_original_300dpi.jpg,E:\codex_Learing\17_project_数字化工作站\projects\lianyungang-city-gazetteer-volume59-fresh\workbench\page_images\cropped\page_0316_vol_022_cropped_300dpi.jpg,1acb4d3ecf081dd32937618f93d14cb008e1e6c982d2fd0cbd288e0b80f7d0b1,43bc70b292b944868c193f721ce5ad3fba0ff6892bd1c208c1178b4eb7edebf0,rendered_from_original
23,E:\codex_Learing\17_project_数字化工作站\连云港志原件\连云港志下_2.pdf,317,E:\codex_Learing\17_project_数字化工作站\projects\lianyungang-city-gazetteer-volume59-fresh\workbench\page_images\original\page_0317_vol_023_original_300dpi.jpg,E:\codex_Learing\17_project_数字化工作站\projects\lianyungang-city-gazetteer-volume59-fresh\workbench\page_images\cropped\page_0317_vol_023_cropped_300dpi.jpg,45390036a424952f070dcf7463a36f9968e09eabb2c3ad759a299fffefa59306,dce419de71d47d054328ebd5659f56315b264dd0c6d121957628a576dbe1cffb,rendered_from_original
24,E:\codex_Learing\17_project_数字化工作站\连云港志原件\连云港志下_2.pdf,318,E:\codex_Learing\17_project_数字化工作站\projects\lianyungang-city-gazetteer-volume59-fresh\workbench\page_images\original\page_0318_vol_024_original_300dpi.jpg,E:\codex_Learing\17_project_数字化工作站\projects\lianyungang-city-gazetteer-volume59-fresh\workbench\page_images\cropped\page_0318_vol_024_cropped_300dpi.jpg,0c076b67f4c27375a335ff3578058c89f0ee2bfa8450ee0214b63c568828ee56,bd37dd2e61f0d8860667c65adcd028ad5102066a8c5a4f775724564d6754847d,rendered_from_original
25,E:\codex_Learing\17_project_数字化工作站\连云港志原件\连云港志下_2.pdf,319,E:\codex_Learing\17_project_数字化工作站\projects\lianyungang-city-gazetteer-volume59-fresh\workbench\page_images\original\page_0319_vol_025_original_300dpi.jpg,E:\codex_Learing\17_project_数字化工作站\projects\lianyungang-city-gazetteer-volume59-fresh\workbench\page_images\cropped\page_0319_vol_025_cropped_300dpi.jpg,09c4be96efd886e432c15098a93574b20191be4dadad5f4530bb4ba71f22c806,f7470c88256bf353615d6284ea4379933ba3d9c4bbf0ac71f7277f057eb9be0e,rendered_from_original
26,E:\codex_Learing\17_project_数字化工作站\连云港志原件\连云港志下_2.pdf,320,E:\codex_Learing\17_project_数字化工作站\projects\lianyungang-city-gazetteer-volume59-fresh\workbench\page_images\original\page_0320_vol_026_original_300dpi.jpg,E:\codex_Learing\17_project_数字化工作站\projects\lianyungang-city-gazetteer-volume59-fresh\workbench\page_images\cropped\page_0320_vol_026_cropped_300dpi.jpg,f6be628beea8b797044d4fcd88375f24592a324b316fa8a1ad958eb32cabb177,0340bdb229be53de6aebff8826f46aafe36d3033bc3d4c0780e6ef0878a53b3f,rendered_from_original
27,E:\codex_Learing\17_project_数字化工作站\连云港志原件\连云港志下_2.pdf,321,E:\codex_Learing\17_project_数字化工作站\projects\lianyungang-city-gazetteer-volume59-fresh\workbench\page_images\original\page_0321_vol_027_original_300dpi.jpg,E:\codex_Learing\17_project_数字化工作站\projects\lianyungang-city-gazetteer-volume59-fresh\workbench\page_images\cropped\page_0321_vol_027_cropped_300dpi.jpg,98bf2c5f90602cd6db130a785c81cb80541922b9a2d6e44913d2362319a57ee7,f30af7de327ada045afd0ea99c8f4704b375512b797d00be60cfe8e645d3a555,rendered_from_original
28,E:\codex_Learing\17_project_数字化工作站\连云港志原件\连云港志下_2.pdf,322,E:\codex_Learing\17_project_数字化工作站\projects\lianyungang-city-gazetteer-volume59-fresh\workbench\page_images\original\page_0322_vol_028_original_300dpi.jpg,E:\codex_Learing\17_project_数字化工作站\projects\lianyungang-city-gazetteer-volume59-fresh\workbench\page_images\cropped\page_0322_vol_028_cropped_300dpi.jpg,82282052feadeb8a971fa54bcd356b13f2b298ba8c99e56fb29d099d40d9851f,4ee7d24becba00a4bfafe5a280a045d3e1b6037c1664a7811fcad3b395ab94ff,rendered_from_original
29,E:\codex_Learing\17_project_数字化工作站\连云港志原件\连云港志下_2.pdf,323,E:\codex_Learing\17_project_数字化工作站\projects\lianyungang-city-gazetteer-volume59-fresh\workbench\page_images\original\page_0323_vol_029_original_300dpi.jpg,E:\codex_Learing\17_project_数字化工作站\projects\lianyungang-city-gazetteer-volume59-fresh\workbench\page_images\cropped\page_0323_vol_029_cropped_300dpi.jpg,f26324bdb82917b93f8af66bdf29ff484b5ea8d4eb335bd77f454d35ef47510c,e2be1c7d33839869d84810f04708f43e141a0e201eba06b5929421a3188bccfe,rendered_from_original
30,E:\codex_Learing\17_project_数字化工作站\连云港志原件\连云港志下_2.pdf,324,E:\codex_Learing\17_project_数字化工作站\projects\lianyungang-city-gazetteer-volume59-fresh\workbench\page_images\original\page_0324_vol_030_original_300dpi.jpg,E:\codex_Learing\17_project_数字化工作站\projects\lianyungang-city-gazetteer-volume59-fresh\workbench\page_images\cropped\page_0324_vol_030_cropped_300dpi.jpg,00d903a2fb24a9f08e393b50465938abd46af35843abc2dd530c1dac03ede8e6,cc4a3afd4783f64ccc8ce0a37a41418834ff6fce7b892bfd23f4b1ea0ad31350,rendered_from_original
31,E:\codex_Learing\17_project_数字化工作站\连云港志原件\连云港志下_2.pdf,325,E:\codex_Learing\17_project_数字化工作站\projects\lianyungang-city-gazetteer-volume59-fresh\workbench\page_images\original\page_0325_vol_031_original_300dpi.jpg,E:\codex_Learing\17_project_数字化工作站\projects\lianyungang-city-gazetteer-volume59-fresh\workbench\page_images\cropped\page_0325_vol_031_cropped_300dpi.jpg,203440edb419935099cfb2516a00885aea12e5e145c5e05d8858d0450b04f5cd,9ac0565ea4c1f6213dc4a29bce673320abf3a87a4e6bd47f789d549358f2a8f5,rendered_from_original
32,E:\codex_Learing\17_project_数字化工作站\连云港志原件\连云港志下_2.pdf,326,E:\codex_Learing\17_project_数字化工作站\projects\lianyungang-city-gazetteer-volume59-fresh\workbench\page_images\original\page_0326_vol_032_original_300dpi.jpg,E:\codex_Learing\17_project_数字化工作站\projects\lianyungang-city-gazetteer-volume59-fresh\workbench\page_images\cropped\page_0326_vol_032_cropped_300dpi.jpg,35b99942a25edf2e2dd9cb3639525147457f6dbd3e6f35b22a5d5ba6de1ccad2,6b48f47e1322b84bddd2533343aa1c16f38032c091c0b7ff1eae0f14aa70a264,rendered_from_original
33,E:\codex_Learing\17_project_数字化工作站\连云港志原件\连云港志下_2.pdf,327,E:\codex_Learing\17_project_数字化工作站\projects\lianyungang-city-gazetteer-volume59-fresh\workbench\page_images\original\page_0327_vol_033_original_300dpi.jpg,E:\codex_Learing\17_project_数字化工作站\projects\lianyungang-city-gazetteer-volume59-fresh\workbench\page_images\cropped\page_0327_vol_033_cropped_300dpi.jpg,1c872c6927eaabf330700c0bc8c30369c10b876951163f7d820389ca85177019,10d4683368954eebd75025a7ba3f67d1e79f9e172c532ee89f3cbfddd972c8f0,rendered_from_original
34,E:\codex_Learing\17_project_数字化工作站\连云港志原件\连云港志下_2.pdf,328,E:\codex_Learing\17_project_数字化工作站\projects\lianyungang-city-gazetteer-volume59-fresh\workbench\page_images\original\page_0328_vol_034_original_300dpi.jpg,E:\codex_Learing\17_project_数字化工作站\projects\lianyungang-city-gazetteer-volume59-fresh\workbench\page_images\cropped\page_0328_vol_034_cropped_300dpi.jpg,3842343f51ead8573c09d2206e9d9a28c92bd6ca80f3b51d3b294b795b21940f,7b5d0da831c6fd65f9bdd2f0de57bb3b60f0b54dcd738ce10caae711672b96a0,rendered_from_original
35,E:\codex_Learing\17_project_数字化工作站\连云港志原件\连云港志下_2.pdf,329,E:\codex_Learing\17_project_数字化工作站\projects\lianyungang-city-gazetteer-volume59-fresh\workbench\page_images\original\page_0329_vol_035_original_300dpi.jpg,E:\codex_Learing\17_project_数字化工作站\projects\lianyungang-city-gazetteer-volume59-fresh\workbench\page_images\cropped\page_0329_vol_035_cropped_300dpi.jpg,8fdcc1ee29fda5320ea52fb668459168ecce70b7452d2974b8299235a45afbc2,e6213fcce2568d77cad7c390596e06285fd59b9046948835f7a520c1539e0f3a,rendered_from_original
36,E:\codex_Learing\17_project_数字化工作站\连云港志原件\连云港志下_2.pdf,330,E:\codex_Learing\17_project_数字化工作站\projects\lianyungang-city-gazetteer-volume59-fresh\workbench\page_images\original\page_0330_vol_036_original_300dpi.jpg,E:\codex_Learing\17_project_数字化工作站\projects\lianyungang-city-gazetteer-volume59-fresh\workbench\page_images\cropped\page_0330_vol_036_cropped_300dpi.jpg,aa4d9cb4a80088e469bd8b87032ad6bf7b23aef00171afd55cd3670b932b80a8,813414fb3917937b5254d9d39d72c0133d6f78df207db5283e39c77a7772acd9,rendered_from_original
37,E:\codex_Learing\17_project_数字化工作站\连云港志原件\连云港志下_2.pdf,331,E:\codex_Learing\17_project_数字化工作站\projects\lianyungang-city-gazetteer-volume59-fresh\workbench\page_images\original\page_0331_vol_037_original_300dpi.jpg,E:\codex_Learing\17_project_数字化工作站\projects\lianyungang-city-gazetteer-volume59-fresh\workbench\page_images\cropped\page_0331_vol_037_cropped_300dpi.jpg,f6f1710b64b42c79513b9692dc9c55c013d2a805a1ced14e59aef42beeda9bd9,7b3a1ef35a09d429fd1306596d3e109e85fee740b0a8289bdbc8273738fcc547,rendered_from_original
38,E:\codex_Learing\17_project_数字化工作站\连云港志原件\连云港志下_2.pdf,332,E:\codex_Learing\17_project_数字化工作站\projects\lianyungang-city-gazetteer-volume59-fresh\workbench\page_images\original\page_0332_vol_038_original_300dpi.jpg,E:\codex_Learing\17_project_数字化工作站\projects\lianyungang-city-gazetteer-volume59-fresh\workbench\page_images\cropped\page_0332_vol_038_cropped_300dpi.jpg,f8519aca24ff305e8987a804e40a07ebd622d2d167ac5ab1a062579b85bd1ef5,6e7f97870e927c956d31cb4148a15c2fe16703bdf6ba1ca63bc9f28f2590998d,rendered_from_original
39,E:\codex_Learing\17_project_数字化工作站\连云港志原件\连云港志下_2.pdf,333,E:\codex_Learing\17_project_数字化工作站\projects\lianyungang-city-gazetteer-volume59-fresh\workbench\page_images\original\page_0333_vol_039_original_300dpi.jpg,E:\codex_Learing\17_project_数字化工作站\projects\lianyungang-city-gazetteer-volume59-fresh\workbench\page_images\cropped\page_0333_vol_039_cropped_300dpi.jpg,e8b5bc493e74c19809af7b402d443877c32d2e521a5459d6f4c5d7fd40ae3693,b4ce99040ab6214e5f0e6c1194a054f0999c983b7995a1c502204c4f9d42f1c1,rendered_from_original
40,E:\codex_Learing\17_project_数字化工作站\连云港志原件\连云港志下_2.pdf,334,E:\codex_Learing\17_project_数字化工作站\projects\lianyungang-city-gazetteer-volume59-fresh\workbench\page_images\original\page_0334_vol_040_original_300dpi.jpg,E:\codex_Learing\17_project_数字化工作站\projects\lianyungang-city-gazetteer-volume59-fresh\workbench\page_images\cropped\page_0334_vol_040_cropped_300dpi.jpg,573bf33abd0a179f11220a7b94003e190b5eb8afa95dcbdebc0d3a238d2cb1f5,9173841fea3cf14ce22f2d422d13ae7e9c06e7be9ddff282f2062574cd870b47,rendered_from_original
41,E:\codex_Learing\17_project_数字化工作站\连云港志原件\连云港志下_2.pdf,335,E:\codex_Learing\17_project_数字化工作站\projects\lianyungang-city-gazetteer-volume59-fresh\workbench\page_images\original\page_0335_vol_041_original_300dpi.jpg,E:\codex_Learing\17_project_数字化工作站\projects\lianyungang-city-gazetteer-volume59-fresh\workbench\page_images\cropped\page_0335_vol_041_cropped_300dpi.jpg,a342bedf7111e4522a8d7b4500264c286429318785c5f19b4227430bc29066f8,8b34333cb25b7584b8545140947881964e5ff06bc8883235d1923241c4da2232,rendered_from_original
42,E:\codex_Learing\17_project_数字化工作站\连云港志原件\连云港志下_2.pdf,336,E:\codex_Learing\17_project_数字化工作站\projects\lianyungang-city-gazetteer-volume59-fresh\workbench\page_images\original\page_0336_vol_042_original_300dpi.jpg,E:\codex_Learing\17_project_数字化工作站\projects\lianyungang-city-gazetteer-volume59-fresh\workbench\page_images\cropped\page_0336_vol_042_cropped_300dpi.jpg,3e443e9cb4164de80edddc511eed914a5a9bb8bf2633c9815c351ade670c1e76,2b079c96817049a95789be4c6986eb59150debeb41dfa08be4dae0e636f86c31,rendered_from_original
43,E:\codex_Learing\17_project_数字化工作站\连云港志原件\连云港志下_2.pdf,337,E:\codex_Learing\17_project_数字化工作站\projects\lianyungang-city-gazetteer-volume59-fresh\workbench\page_images\original\page_0337_vol_043_original_300dpi.jpg,E:\codex_Learing\17_project_数字化工作站\projects\lianyungang-city-gazetteer-volume59-fresh\workbench\page_images\cropped\page_0337_vol_043_cropped_300dpi.jpg,d1ed1a755b16324a71ad4793dbbe3fc9aac626355873659c3e6e2d6119e590f4,6fa143573d48600a124e644b02517a942dccc1cdf6ff44e70f5f35da8d18f871,rendered_from_original
44,E:\codex_Learing\17_project_数字化工作站\连云港志原件\连云港志下_2.pdf,338,E:\codex_Learing\17_project_数字化工作站\projects\lianyungang-city-gazetteer-volume59-fresh\workbench\page_images\original\page_0338_vol_044_original_300dpi.jpg,E:\codex_Learing\17_project_数字化工作站\projects\lianyungang-city-gazetteer-volume59-fresh\workbench\page_images\cropped\page_0338_vol_044_cropped_300dpi.jpg,ad9cdd3f76e604394e1f7492540214d3d7b1cd6f10f1ea840b52ff664ea4774c,539715ea082afe57649715cb1275c9a59a473018bf905ba4169c0122a2831c2a,rendered_from_original
45,E:\codex_Learing\17_project_数字化工作站\连云港志原件\连云港志下_2.pdf,339,E:\codex_Learing\17_project_数字化工作站\projects\lianyungang-city-gazetteer-volume59-fresh\workbench\page_images\original\page_0339_vol_045_original_300dpi.jpg,E:\codex_Learing\17_project_数字化工作站\projects\lianyungang-city-gazetteer-volume59-fresh\workbench\page_images\cropped\page_0339_vol_045_cropped_300dpi.jpg,e2bc297cada3e8ffc252e0247fba28f783fb494efb6d7b7ac69aa0d7225f49da,f35db720a51dd22ee360442ac878d0f030baab241c8c8062bd97ff23450506b7,rendered_from_original
46,E:\codex_Learing\17_project_数字化工作站\连云港志原件\连云港志下_2.pdf,340,E:\codex_Learing\17_project_数字化工作站\projects\lianyungang-city-gazetteer-volume59-fresh\workbench\page_images\original\page_0340_vol_046_original_300dpi.jpg,E:\codex_Learing\17_project_数字化工作站\projects\lianyungang-city-gazetteer-volume59-fresh\workbench\page_images\cropped\page_0340_vol_046_cropped_300dpi.jpg,9f72f140384637b3e66095879ec621687d9babc53ea5805e77a602762627f9d2,dbbf8bb917e13a42d4e508eba31e12648b090ab4a45ac374e7af43df86a3fd99,rendered_from_original
47,E:\codex_Learing\17_project_数字化工作站\连云港志原件\连云港志下_2.pdf,341,E:\codex_Learing\17_project_数字化工作站\projects\lianyungang-city-gazetteer-volume59-fresh\workbench\page_images\original\page_0341_vol_047_original_300dpi.jpg,E:\codex_Learing\17_project_数字化工作站\projects\lianyungang-city-gazetteer-volume59-fresh\workbench\page_images\cropped\page_0341_vol_047_cropped_300dpi.jpg,b6defd35a0abdfdc9bb35d6c157b02102b57ec4e3870e3507185cb2993ab7750,78f3a4806811c7ef14746060755d70743b4f80285915528a4016272cb307bf0b,rendered_from_original
48,E:\codex_Learing\17_project_数字化工作站\连云港志原件\连云港志下_2.pdf,342,E:\codex_Learing\17_project_数字化工作站\projects\lianyungang-city-gazetteer-volume59-fresh\workbench\page_images\original\page_0342_vol_048_original_300dpi.jpg,E:\codex_Learing\17_project_数字化工作站\projects\lianyungang-city-gazetteer-volume59-fresh\workbench\page_images\cropped\page_0342_vol_048_cropped_300dpi.jpg,cb3f7804576e4c2a6ab2972ea4ceac140df44bf9a5107fc26678e1ce708a3480,477c6ed7a69a31f12c18805496ca98626779814a65fb2a29cd4b0b72a667e107,rendered_from_original
